,Configuration,Averaged on Last Epoch,Averaged Max Achieved,Overall Max on Last Epoch,Overall Max Achieved,Averaged Max Epoch
0,"Activation: sigmoid, Optimizer: rmsp, Normalized data",97.536,97.624,97.61,97.77,86
1,"Activation: sigmoid, Optimizer: adam, Normalized data",97.5,97.584,97.65,97.72999999999999,82
2,"Activation: sigmoid, Optimizer: sgd, Normalized data",93.542,93.542,93.66,93.66,99
3,"Activation: sigmoid, Optimizer: Adagrad, Normalized data",96.06,96.06,96.17999999999999,96.17999999999999,99
4,"Activation: sigmoid, Optimizer: Adadelta, Normalized data",97.312,97.32799999999999,97.42,97.48,95
5,"Activation: sigmoid, Optimizer: Adamax, Normalized data",97.59800000000001,97.60799999999999,97.72,97.75,94
6,"Activation: sigmoid, Optimizer: Nadam, Normalized data",97.54400000000001,97.61599999999999,97.6,97.76,53
7,"Activation: tanh, Optimizer: rmsp, Normalized data",97.48599999999999,97.578,97.65,97.76,62
8,"Activation: tanh, Optimizer: adam, Normalized data",97.464,97.55600000000001,97.53,97.72,53
9,"Activation: tanh, Optimizer: sgd, Normalized data",96.728,96.728,96.78999999999999,96.84,99
10,"Activation: tanh, Optimizer: Adagrad, Normalized data",96.99199999999999,97.012,97.11,97.13000000000001,97
11,"Activation: tanh, Optimizer: Adadelta, Normalized data",97.656,97.68799999999999,97.85000000000001,97.85000000000001,96
12,"Activation: tanh, Optimizer: Adamax, Normalized data",97.67999999999999,97.73799999999999,97.78,97.83,97
13,"Activation: tanh, Optimizer: Nadam, Normalized data",97.254,97.39800000000001,97.35000000000001,97.6,47
14,"Activation: relu, Optimizer: rmsp, Normalized data",97.424,97.55,97.52,97.77,34
15,"Activation: relu, Optimizer: adam, Normalized data",97.51200000000001,97.674,97.72,97.94,34
16,"Activation: relu, Optimizer: sgd, Normalized data",97.47,97.5,97.49,97.53,98
17,"Activation: relu, Optimizer: Adagrad, Normalized data",97.48599999999999,97.51199999999999,97.75,97.78,98
18,"Activation: relu, Optimizer: Adadelta, Normalized data",97.63,97.70199999999998,97.72,97.88,87
19,"Activation: relu, Optimizer: Adamax, Normalized data",97.72799999999998,97.844,97.8,97.98,54
20,"Activation: relu, Optimizer: Nadam, Normalized data",97.308,97.41,97.61,97.69,28
21,"Activation: elu, Optimizer: rmsp, Normalized data",97.88,98.01599999999999,97.92999999999999,98.17,69
22,"Activation: elu, Optimizer: adam, Normalized data",97.96800000000002,98.102,98.09,98.24000000000001,65
23,"Activation: elu, Optimizer: sgd, Normalized data",97.27799999999999,97.284,97.32,97.38,98
24,"Activation: elu, Optimizer: Adagrad, Normalized data",97.428,97.446,97.48,97.54,96
25,"Activation: elu, Optimizer: Adadelta, Normalized data",97.944,97.98199999999999,98.03,98.11999999999999,97
26,"Activation: elu, Optimizer: Adamax, Normalized data",98.084,98.11999999999999,98.16,98.22,98
27,"Activation: elu, Optimizer: Nadam, Normalized data",97.88200000000002,97.98,98.02,98.21,19
28,"Activation: selu, Optimizer: rmsp, Normalized data",97.89999999999999,97.98200000000001,97.99,98.2,80
29,"Activation: selu, Optimizer: adam, Normalized data",97.988,98.002,98.08,98.22,94
30,"Activation: selu, Optimizer: sgd, Normalized data",96.59,96.59599999999999,96.7,96.7,95
31,"Activation: selu, Optimizer: Adagrad, Normalized data",96.648,96.656,96.76,96.76,97
32,"Activation: selu, Optimizer: Adadelta, Normalized data",97.89999999999999,97.98200000000001,98.02,98.13,97
33,"Activation: selu, Optimizer: Adamax, Normalized data",97.94600000000001,97.94600000000001,98.13,98.13,99
34,"Activation: selu, Optimizer: Nadam, Normalized data",97.75399999999999,97.89,97.84,98.1,42
35,"Activation: softplus, Optimizer: rmsp, Normalized data",97.636,97.76599999999999,97.69,97.9,45
36,"Activation: softplus, Optimizer: adam, Normalized data",97.70200000000001,97.85000000000001,97.81,97.99,66
37,"Activation: softplus, Optimizer: sgd, Normalized data",96.04599999999999,96.04599999999999,96.24000000000001,96.24000000000001,99
38,"Activation: softplus, Optimizer: Adagrad, Normalized data",97.08600000000001,97.102,97.18,97.19,98
39,"Activation: softplus, Optimizer: Adadelta, Normalized data",97.74199999999999,97.76400000000001,97.91,97.94,94
40,"Activation: softplus, Optimizer: Adamax, Normalized data",97.924,97.94800000000001,98.06,98.1,98
41,"Activation: softplus, Optimizer: Nadam, Normalized data",97.60199999999999,97.808,97.64,97.98,41
42,"Activation: softsign, Optimizer: rmsp, Normalized data",97.38399999999999,97.468,97.49,97.61,73
43,"Activation: softsign, Optimizer: adam, Normalized data",97.454,97.542,97.59,97.69,97
44,"Activation: softsign, Optimizer: sgd, Normalized data",96.22,96.268,96.3,96.34,98
45,"Activation: softsign, Optimizer: Adagrad, Normalized data",96.59,96.59,96.74000000000001,96.78,99
46,"Activation: softsign, Optimizer: Adadelta, Normalized data",97.28999999999999,97.34200000000001,97.39,97.45,97
47,"Activation: softsign, Optimizer: Adamax, Normalized data",97.538,97.542,97.68,97.68,91
48,"Activation: softsign, Optimizer: Nadam, Normalized data",97.43199999999999,97.526,97.50999999999999,97.66,94
49,"Activation: hard_sigmoid, Optimizer: rmsp, Normalized data",97.412,97.49600000000001,97.57000000000001,97.77,96
50,"Activation: hard_sigmoid, Optimizer: adam, Normalized data",97.60600000000001,97.658,97.76,97.81,73
51,"Activation: hard_sigmoid, Optimizer: sgd, Normalized data",93.54799999999999,93.54799999999999,93.64,93.64,99
52,"Activation: hard_sigmoid, Optimizer: Adagrad, Normalized data",96.182,96.182,96.28999999999999,96.28999999999999,99
53,"Activation: hard_sigmoid, Optimizer: Adadelta, Normalized data",97.342,97.38799999999999,97.41,97.46000000000001,97
54,"Activation: hard_sigmoid, Optimizer: Adamax, Normalized data",97.57400000000001,97.618,97.68,97.72999999999999,94
55,"Activation: hard_sigmoid, Optimizer: Nadam, Normalized data",97.44999999999999,97.56,97.5,97.75,42
56,"Activation: LeakyReLU, Optimizer: rmsp, Normalized data",97.21399999999998,97.32,97.32,97.49,81
57,"Activation: LeakyReLU, Optimizer: adam, Normalized data",97.35,97.41,97.50999999999999,97.65,52
58,"Activation: LeakyReLU, Optimizer: sgd, Normalized data",96.798,96.82400000000001,96.87,96.9,98
59,"Activation: LeakyReLU, Optimizer: Adagrad, Normalized data",96.91600000000001,96.91600000000001,96.99,96.99,99
60,"Activation: LeakyReLU, Optimizer: Adadelta, Normalized data",97.33000000000001,97.33000000000001,97.41,97.43,99
61,"Activation: LeakyReLU, Optimizer: Adamax, Normalized data",97.37400000000001,97.456,97.44,97.6,90
62,"Activation: LeakyReLU, Optimizer: Nadam, Normalized data",97.17799999999998,97.24999999999999,97.27,97.5,64
63,"Activation: ThresholdedReLU, Optimizer: rmsp, Normalized data",86.636,95.66600000000001,89.16,96.22,12
64,"Activation: ThresholdedReLU, Optimizer: adam, Normalized data",93.07,94.338,95.44,95.98,8
65,"Activation: ThresholdedReLU, Optimizer: sgd, Normalized data",94.42600000000002,94.47800000000001,94.85,94.85,96
66,"Activation: ThresholdedReLU, Optimizer: Adagrad, Normalized data",95.684,95.684,96.25,96.31,99
67,"Activation: ThresholdedReLU, Optimizer: Adadelta, Normalized data",96.30600000000001,96.40599999999999,96.58,96.7,83
68,"Activation: ThresholdedReLU, Optimizer: Adamax, Normalized data",96.184,96.42200000000001,96.38,96.81,34
69,"Activation: ThresholdedReLU, Optimizer: Nadam, Normalized data",89.79599999999999,92.548,95.77,96.15,32
70,"Activation: sigmoid, Optimizer: sgd, Momentum: 0.100000, Decay: 0.000000, Nesterov: False, Normalized data",93.90799999999999,93.90799999999999,93.99,93.99,99
71,"Activation: sigmoid, Optimizer: sgd, Momentum: 0.900000, Decay: 0.000000, Nesterov: False, Normalized data",97.28200000000001,97.28200000000001,97.44,97.44,99
72,"Activation: sigmoid, Optimizer: sgd, Momentum: 0.950000, Decay: 0.000000, Nesterov: False, Normalized data",97.576,97.58200000000001,97.61999999999999,97.75,95
73,"Activation: sigmoid, Optimizer: sgd, Momentum: 0.990000, Decay: 0.000000, Nesterov: False, Normalized data",97.614,97.676,97.82,97.97,82
74,"Activation: sigmoid, Optimizer: sgd, Momentum: 0.999000, Decay: 0.000000, Nesterov: False, Normalized data",96.512,96.62200000000001,96.66,96.87,97
75,"Activation: sigmoid, Optimizer: sgd, Momentum: 0.000000, Decay: 0.000000, Nesterov: True, Normalized data",93.714,93.714,93.81,93.81,99
76,"Activation: sigmoid, Optimizer: sgd, Momentum: 0.100000, Decay: 0.000000, Nesterov: True, Normalized data",93.90599999999999,93.90599999999999,94.08999999999999,94.08999999999999,99
77,"Activation: sigmoid, Optimizer: sgd, Momentum: 0.900000, Decay: 0.000000, Nesterov: True, Normalized data",97.32,97.322,97.41,97.45,95
78,"Activation: sigmoid, Optimizer: sgd, Momentum: 0.950000, Decay: 0.000000, Nesterov: True, Normalized data",97.60199999999999,97.61599999999999,97.71,97.81,97
79,"Activation: sigmoid, Optimizer: sgd, Momentum: 0.990000, Decay: 0.000000, Nesterov: True, Normalized data",97.69,97.758,97.86,97.89,79
80,"Activation: sigmoid, Optimizer: sgd, Momentum: 0.999000, Decay: 0.000000, Nesterov: True, Normalized data",96.69399999999999,96.69399999999999,96.84,96.96000000000001,99
81,"Activation: sigmoid, Optimizer: rmsp, rho: 0.500000, Decay: 0.000000, Normalized data",97.15599999999999,97.18,97.33000000000001,97.36,86
82,"Activation: sigmoid, Optimizer: rmsp, rho: 0.990000, Decay: 0.000000, Normalized data",97.654,97.708,97.71,97.9,90
83,"Activation: sigmoid, Optimizer: rmsp, rho: 0.950000, Decay: 0.000000, Normalized data",97.62599999999999,97.64800000000001,97.83,97.88,84
84,"Activation: sigmoid, Optimizer: rmsp, rho: 0.999000, Decay: 0.000000, Normalized data",97.566,97.65599999999999,97.66,97.83,88
85,"Activation: sigmoid, Optimizer: rmsp, rho: 0.999900, Decay: 0.000000, Normalized data",97.52000000000001,97.58800000000001,97.66,97.76,73
86,"Activation: sigmoid, Optimizer: Adadelta, rho: 0.500000, Decay: 0.000000, Normalized data",97.35400000000001,97.37,97.49,97.5,97
87,"Activation: sigmoid, Optimizer: Adadelta, rho: 0.900000, Decay: 0.000000, Normalized data",97.60799999999999,97.636,97.72,97.78,95
88,"Activation: sigmoid, Optimizer: Adadelta, rho: 0.990000, Decay: 0.000000, Normalized data",97.696,97.72800000000001,97.81,97.86,93
89,"Activation: sigmoid, Optimizer: Adadelta, rho: 0.999000, Decay: 0.000000, Normalized data",97.652,97.722,97.74000000000001,97.86,73
90,"Activation: sigmoid, Optimizer: Adadelta, rho: 0.999900, Decay: 0.000000, Normalized data",97.542,97.628,97.65,97.8,90
91,"Activation: sigmoid, Optimizer: adam, amsgrad: 0.000000, beta_1: 0.950000, beta_2: 0.999900, Decay: 0.000000, Normalized data",97.53999999999999,97.636,97.61,97.76,95
92,"Activation: sigmoid, Optimizer: adam, amsgrad: 0.000000, beta_1: 0.900000, beta_2: 0.999000, Decay: 0.000000, Normalized data",97.61599999999999,97.75,97.8,97.91,83
93,"Activation: sigmoid, Optimizer: adam, amsgrad: 0.000000, beta_1: 0.950000, beta_2: 0.999000, Decay: 0.000000, Normalized data",97.51200000000001,97.61599999999999,97.64,97.74000000000001,75
94,"Activation: sigmoid, Optimizer: adam, amsgrad: 0.000000, beta_1: 0.900000, beta_2: 0.999900, Decay: 0.000000, Normalized data",97.61599999999999,97.674,97.65,97.82,88
95,"Activation: sigmoid, Optimizer: adam, amsgrad: 1.000000, beta_1: 0.950000, beta_2: 0.999900, Decay: 0.000000, Normalized data",97.532,97.62599999999999,97.64,97.85000000000001,68
96,"Activation: sigmoid, Optimizer: adam, amsgrad: 1.000000, beta_1: 0.900000, beta_2: 0.999000, Decay: 0.000000, Normalized data",97.55199999999998,97.6,97.63,97.71,79
97,"Activation: sigmoid, Optimizer: adam, amsgrad: 1.000000, beta_1: 0.950000, beta_2: 0.999000, Decay: 0.000000, Normalized data",97.50999999999999,97.57000000000001,97.57000000000001,97.75,91
98,"Activation: sigmoid, Optimizer: adam, amsgrad: 1.000000, beta_1: 0.900000, beta_2: 0.999900, Decay: 0.000000, Normalized data",97.61,97.65,97.75,97.85000000000001,82
99,"Activation: sigmoid, Optimizer: Adamax, beta_1: 0.990000, beta_2: 0.999900, Decay: 0.000000, Normalized data",97.542,97.562,97.66,97.66,98
100,"Activation: sigmoid, Optimizer: Adamax, beta_1: 0.990000, beta_2: 0.999000, Decay: 0.000000, Normalized data",97.6,97.636,97.65,97.74000000000001,96
101,"Activation: sigmoid, Optimizer: Adamax, beta_1: 0.950000, beta_2: 0.999000, Decay: 0.000000, Normalized data",97.62599999999999,97.66199999999999,97.85000000000001,97.88,86
102,"Activation: sigmoid, Optimizer: Adamax, beta_1: 0.950000, beta_2: 0.990000, Decay: 0.000000, Normalized data",97.708,97.742,97.94,98.0,95
103,"Activation: sigmoid, Optimizer: Adamax, beta_1: 0.950000, beta_2: 0.950000, Decay: 0.000000, Normalized data",97.646,97.698,97.8,97.87,92
104,"Activation: sigmoid, Optimizer: Adamax, beta_1: 0.900000, beta_2: 0.900000, Decay: 0.000000, Normalized data",97.47600000000001,97.57400000000001,97.52,97.76,67
105,"Activation: sigmoid, Optimizer: Adamax, beta_1: 0.900000, beta_2: 0.990000, Decay: 0.000000, Normalized data",97.664,97.698,97.76,97.89,77
106,"Activation: sigmoid, Optimizer: Adamax, beta_1: 0.900000, beta_2: 0.950000, Decay: 0.000000, Normalized data",97.64800000000001,97.64800000000001,97.77,97.87,99
107,"Activation: sigmoid, Optimizer: Nadam, beta_1: 0.900000, beta_2: 0.990000, Schedule Decay: 0.004000, Normalized data",97.53,97.638,97.65,97.78999999999999,67
108,"Activation: sigmoid, Optimizer: Nadam, beta_1: 0.950000, beta_2: 0.999000, Schedule Decay: 0.004000, Normalized data",97.57400000000001,97.646,97.68,97.85000000000001,47
109,"Activation: sigmoid, Optimizer: Nadam, beta_1: 0.950000, beta_2: 0.990000, Schedule Decay: 0.004000, Normalized data",97.49400000000001,97.664,97.61999999999999,97.86,62
110,"Activation: sigmoid, Optimizer: Nadam, beta_1: 0.950000, beta_2: 0.950000, Schedule Decay: 0.004000, Normalized data",97.564,97.64000000000001,97.65,97.78,50
111,"Activation: sigmoid, Optimizer: Nadam, beta_1: 0.950000, beta_2: 0.900000, Schedule Decay: 0.004000, Normalized data",97.38799999999999,97.60799999999999,97.46000000000001,97.74000000000001,55
112,"Activation: sigmoid, Optimizer: Nadam, beta_1: 0.900000, beta_2: 0.900000, Schedule Decay: 0.004000, Normalized data",97.554,97.60600000000001,97.72,97.81,68
113,"Activation: sigmoid, Optimizer: Nadam, beta_1: 0.900000, beta_2: 0.950000, Schedule Decay: 0.004000, Normalized data",97.542,97.65599999999999,97.64,97.82,36
114,"Activation: tanh, Optimizer: sgd, Momentum: 0.100000, Decay: 0.000000, Nesterov: False, Normalized data",96.8,96.8,96.88,96.95,99
115,"Activation: tanh, Optimizer: sgd, Momentum: 0.900000, Decay: 0.000000, Nesterov: False, Normalized data",97.712,97.776,97.84,97.9,82
116,"Activation: tanh, Optimizer: sgd, Momentum: 0.950000, Decay: 0.000000, Nesterov: False, Normalized data",97.674,97.70800000000001,97.88,97.89,91
117,"Activation: tanh, Optimizer: sgd, Momentum: 0.990000, Decay: 0.000000, Nesterov: False, Normalized data",97.074,97.17,97.24000000000001,97.43,65
118,"Activation: tanh, Optimizer: sgd, Momentum: 0.999000, Decay: 0.000000, Nesterov: False, Normalized data",14.168,85.23200000000001,25.44,83.41,0
119,"Activation: tanh, Optimizer: sgd, Momentum: 0.000000, Decay: 0.000000, Nesterov: True, Normalized data",96.706,96.706,96.75,96.82,99
120,"Activation: tanh, Optimizer: sgd, Momentum: 0.100000, Decay: 0.000000, Nesterov: True, Normalized data",96.83999999999999,96.87400000000001,96.96000000000001,97.04,95
121,"Activation: tanh, Optimizer: sgd, Momentum: 0.900000, Decay: 0.000000, Nesterov: True, Normalized data",97.746,97.76000000000002,97.91,97.91,74
122,"Activation: tanh, Optimizer: sgd, Momentum: 0.950000, Decay: 0.000000, Nesterov: True, Normalized data",97.698,97.796,97.72999999999999,97.92,96
123,"Activation: tanh, Optimizer: sgd, Momentum: 0.990000, Decay: 0.000000, Nesterov: True, Normalized data",97.224,97.274,97.41,97.49,90
124,"Activation: tanh, Optimizer: sgd, Momentum: 0.999000, Decay: 0.000000, Nesterov: True, Normalized data",11.044,86.982,11.35,87.37,0
125,"Activation: tanh, Optimizer: rmsp, rho: 0.500000, Decay: 0.000000, Normalized data",97.202,97.202,97.28,97.31,99
126,"Activation: tanh, Optimizer: rmsp, rho: 0.990000, Decay: 0.000000, Normalized data",97.49000000000001,97.562,97.56,97.72,39
127,"Activation: tanh, Optimizer: rmsp, rho: 0.950000, Decay: 0.000000, Normalized data",97.46400000000001,97.53999999999999,97.71,97.83,52
128,"Activation: tanh, Optimizer: rmsp, rho: 0.999000, Decay: 0.000000, Normalized data",97.41199999999999,97.57199999999999,97.57000000000001,97.78,43
129,"Activation: tanh, Optimizer: rmsp, rho: 0.999900, Decay: 0.000000, Normalized data",97.27,97.30199999999999,97.37,97.47,94
130,"Activation: tanh, Optimizer: Adadelta, rho: 0.500000, Decay: 0.000000, Normalized data",97.61599999999999,97.61599999999999,97.72999999999999,97.72999999999999,99
131,"Activation: tanh, Optimizer: Adadelta, rho: 0.900000, Decay: 0.000000, Normalized data",97.64000000000001,97.732,97.69,97.94,92
132,"Activation: tanh, Optimizer: Adadelta, rho: 0.990000, Decay: 0.000000, Normalized data",97.65599999999999,97.712,97.72999999999999,97.88,84
133,"Activation: tanh, Optimizer: Adadelta, rho: 0.999000, Decay: 0.000000, Normalized data",97.47600000000001,97.53399999999999,97.7,97.78,75
134,"Activation: tanh, Optimizer: Adadelta, rho: 0.999900, Decay: 0.000000, Normalized data",97.32600000000001,97.356,97.47,97.55,69
135,"Activation: tanh, Optimizer: adam, amsgrad: 0.000000, beta_1: 0.950000, beta_2: 0.999900, Decay: 0.000000, Normalized data",97.51999999999998,97.628,97.64,97.82,57
136,"Activation: tanh, Optimizer: adam, amsgrad: 0.000000, beta_1: 0.900000, beta_2: 0.999000, Decay: 0.000000, Normalized data",97.48800000000001,97.60799999999999,97.59,97.72,75
137,"Activation: tanh, Optimizer: adam, amsgrad: 0.000000, beta_1: 0.950000, beta_2: 0.999000, Decay: 0.000000, Normalized data",97.452,97.586,97.61,97.72,65
138,"Activation: tanh, Optimizer: adam, amsgrad: 0.000000, beta_1: 0.900000, beta_2: 0.999900, Decay: 0.000000, Normalized data",97.472,97.602,97.53,97.72999999999999,80
139,"Activation: tanh, Optimizer: adam, amsgrad: 1.000000, beta_1: 0.950000, beta_2: 0.999900, Decay: 0.000000, Normalized data",97.558,97.668,97.71,97.83,39
140,"Activation: tanh, Optimizer: adam, amsgrad: 1.000000, beta_1: 0.900000, beta_2: 0.999000, Decay: 0.000000, Normalized data",97.55,97.64199999999998,97.61,97.82,93
141,"Activation: tanh, Optimizer: adam, amsgrad: 1.000000, beta_1: 0.950000, beta_2: 0.999000, Decay: 0.000000, Normalized data",97.554,97.63199999999999,97.58,97.75,75
142,"Activation: tanh, Optimizer: adam, amsgrad: 1.000000, beta_1: 0.900000, beta_2: 0.999900, Decay: 0.000000, Normalized data",97.56599999999999,97.624,97.68,97.8,41
143,"Activation: tanh, Optimizer: Adamax, beta_1: 0.990000, beta_2: 0.999900, Decay: 0.000000, Normalized data",97.696,97.744,97.78999999999999,98.02,98
144,"Activation: tanh, Optimizer: Adamax, beta_1: 0.990000, beta_2: 0.999000, Decay: 0.000000, Normalized data",97.69400000000002,97.73799999999999,97.78999999999999,97.9,89
145,"Activation: tanh, Optimizer: Adamax, beta_1: 0.950000, beta_2: 0.999000, Decay: 0.000000, Normalized data",97.688,97.776,97.84,97.95,96
146,"Activation: tanh, Optimizer: Adamax, beta_1: 0.950000, beta_2: 0.990000, Decay: 0.000000, Normalized data",97.62,97.714,97.7,97.86,85
147,"Activation: tanh, Optimizer: Adamax, beta_1: 0.950000, beta_2: 0.950000, Decay: 0.000000, Normalized data",97.50599999999999,97.57199999999999,97.57000000000001,97.76,80
148,"Activation: tanh, Optimizer: Adamax, beta_1: 0.900000, beta_2: 0.900000, Decay: 0.000000, Normalized data",97.35,97.442,97.48,97.61999999999999,50
149,"Activation: tanh, Optimizer: Adamax, beta_1: 0.900000, beta_2: 0.990000, Decay: 0.000000, Normalized data",97.712,97.716,97.87,97.88,61
150,"Activation: tanh, Optimizer: Adamax, beta_1: 0.900000, beta_2: 0.950000, Decay: 0.000000, Normalized data",97.44,97.562,97.55,97.78,58
151,"Activation: tanh, Optimizer: Nadam, beta_1: 0.900000, beta_2: 0.990000, Schedule Decay: 0.004000, Normalized data",97.33000000000001,97.402,97.44,97.7,33
152,"Activation: tanh, Optimizer: Nadam, beta_1: 0.950000, beta_2: 0.999000, Schedule Decay: 0.004000, Normalized data",97.27600000000001,97.38200000000002,97.46000000000001,97.58,73
153,"Activation: tanh, Optimizer: Nadam, beta_1: 0.950000, beta_2: 0.990000, Schedule Decay: 0.004000, Normalized data",97.31400000000001,97.43,97.46000000000001,97.61,48
154,"Activation: tanh, Optimizer: Nadam, beta_1: 0.950000, beta_2: 0.950000, Schedule Decay: 0.004000, Normalized data",97.25200000000001,97.39800000000001,97.38,97.61999999999999,45
155,"Activation: tanh, Optimizer: Nadam, beta_1: 0.950000, beta_2: 0.900000, Schedule Decay: 0.004000, Normalized data",97.048,97.25200000000001,97.14,97.45,25
156,"Activation: tanh, Optimizer: Nadam, beta_1: 0.900000, beta_2: 0.900000, Schedule Decay: 0.004000, Normalized data",97.23600000000002,97.332,97.34,97.53,51
157,"Activation: tanh, Optimizer: Nadam, beta_1: 0.900000, beta_2: 0.950000, Schedule Decay: 0.004000, Normalized data",97.32,97.44200000000001,97.52,97.7,41
158,"Activation: relu, Optimizer: sgd, Momentum: 0.100000, Decay: 0.000000, Nesterov: False, Normalized data",97.56,97.56,97.78,97.78,99
159,"Activation: relu, Optimizer: sgd, Momentum: 0.900000, Decay: 0.000000, Nesterov: False, Normalized data",97.73399999999998,97.782,97.83,97.95,91
160,"Activation: relu, Optimizer: sgd, Momentum: 0.950000, Decay: 0.000000, Nesterov: False, Normalized data",97.72800000000001,97.75,97.87,97.99,93
161,"Activation: relu, Optimizer: sgd, Momentum: 0.990000, Decay: 0.000000, Nesterov: False, Normalized data",96.38399999999999,96.52,96.50999999999999,96.76,60
162,"Activation: relu, Optimizer: sgd, Momentum: 0.999000, Decay: 0.000000, Nesterov: False, Normalized data",12.203999999999999,61.636,14.549999999999999,66.84,0
163,"Activation: relu, Optimizer: sgd, Momentum: 0.000000, Decay: 0.000000, Nesterov: True, Normalized data",97.5,97.50999999999999,97.59,97.66,97
164,"Activation: relu, Optimizer: sgd, Momentum: 0.100000, Decay: 0.000000, Nesterov: True, Normalized data",97.57999999999998,97.62,97.7,97.72,96
165,"Activation: relu, Optimizer: sgd, Momentum: 0.900000, Decay: 0.000000, Nesterov: True, Normalized data",97.72399999999999,97.806,97.8,98.02,65
166,"Activation: relu, Optimizer: sgd, Momentum: 0.950000, Decay: 0.000000, Nesterov: True, Normalized data",97.664,97.774,97.76,97.97,83
167,"Activation: relu, Optimizer: sgd, Momentum: 0.990000, Decay: 0.000000, Nesterov: True, Normalized data",96.35000000000001,96.7,96.54,97.00999999999999,52
168,"Activation: relu, Optimizer: sgd, Momentum: 0.999000, Decay: 0.000000, Nesterov: True, Normalized data",10.634000000000002,49.814,11.35,59.589999999999996,0
169,"Activation: relu, Optimizer: rmsp, rho: 0.500000, Decay: 0.000000, Normalized data",97.02399999999999,97.15,97.32,97.46000000000001,75
170,"Activation: relu, Optimizer: rmsp, rho: 0.990000, Decay: 0.000000, Normalized data",97.63400000000001,97.744,97.72999999999999,97.91,46
171,"Activation: relu, Optimizer: rmsp, rho: 0.950000, Decay: 0.000000, Normalized data",97.48400000000001,97.668,97.53,97.91,38
172,"Activation: relu, Optimizer: rmsp, rho: 0.999000, Decay: 0.000000, Normalized data",97.348,97.506,97.54,97.75,33
173,"Activation: relu, Optimizer: rmsp, rho: 0.999900, Decay: 0.000000, Normalized data",96.618,96.784,96.86,97.19,39
174,"Activation: relu, Optimizer: Adadelta, rho: 0.500000, Decay: 0.000000, Normalized data",97.44200000000001,97.50399999999999,97.65,97.65,92
175,"Activation: relu, Optimizer: Adadelta, rho: 0.900000, Decay: 0.000000, Normalized data",97.514,97.664,97.61999999999999,97.84,55
176,"Activation: relu, Optimizer: Adadelta, rho: 0.990000, Decay: 0.000000, Normalized data",97.652,97.75600000000001,97.71,97.89,54
177,"Activation: relu, Optimizer: Adadelta, rho: 0.999000, Decay: 0.000000, Normalized data",97.66,97.75,97.87,97.9,81
178,"Activation: relu, Optimizer: Adadelta, rho: 0.999900, Decay: 0.000000, Normalized data",97.366,97.376,97.48,97.69,80
179,"Activation: relu, Optimizer: adam, amsgrad: 0.000000, beta_1: 0.950000, beta_2: 0.999900, Decay: 0.000000, Normalized data",97.592,97.722,97.72,97.98,80
180,"Activation: relu, Optimizer: adam, amsgrad: 0.000000, beta_1: 0.900000, beta_2: 0.999000, Decay: 0.000000, Normalized data",97.586,97.75,97.67,97.92,50
181,"Activation: relu, Optimizer: adam, amsgrad: 0.000000, beta_1: 0.950000, beta_2: 0.999000, Decay: 0.000000, Normalized data",97.796,97.862,97.95,98.05,39
182,"Activation: relu, Optimizer: adam, amsgrad: 0.000000, beta_1: 0.900000, beta_2: 0.999900, Decay: 0.000000, Normalized data",97.58600000000001,97.696,97.74000000000001,97.92,81
183,"Activation: relu, Optimizer: adam, amsgrad: 1.000000, beta_1: 0.950000, beta_2: 0.999900, Decay: 0.000000, Normalized data",97.70199999999998,97.76400000000001,97.91,98.00999999999999,33
184,"Activation: relu, Optimizer: adam, amsgrad: 1.000000, beta_1: 0.900000, beta_2: 0.999000, Decay: 0.000000, Normalized data",97.62,97.72599999999998,97.9,97.91,69
185,"Activation: relu, Optimizer: adam, amsgrad: 1.000000, beta_1: 0.950000, beta_2: 0.999000, Decay: 0.000000, Normalized data",97.63999999999999,97.70999999999998,97.71,97.85000000000001,64
186,"Activation: relu, Optimizer: adam, amsgrad: 1.000000, beta_1: 0.900000, beta_2: 0.999900, Decay: 0.000000, Normalized data",97.668,97.782,97.85000000000001,98.03,95
187,"Activation: relu, Optimizer: Adamax, beta_1: 0.990000, beta_2: 0.999900, Decay: 0.000000, Normalized data",97.75600000000001,97.78800000000001,97.9,98.00999999999999,88
188,"Activation: relu, Optimizer: Adamax, beta_1: 0.990000, beta_2: 0.999000, Decay: 0.000000, Normalized data",97.742,97.81800000000001,97.92,97.97,74
189,"Activation: relu, Optimizer: Adamax, beta_1: 0.950000, beta_2: 0.999000, Decay: 0.000000, Normalized data",97.688,97.73599999999998,97.87,97.89,54
190,"Activation: relu, Optimizer: Adamax, beta_1: 0.950000, beta_2: 0.990000, Decay: 0.000000, Normalized data",97.542,97.69400000000002,97.7,97.85000000000001,37
191,"Activation: relu, Optimizer: Adamax, beta_1: 0.950000, beta_2: 0.950000, Decay: 0.000000, Normalized data",97.29599999999999,97.516,97.61999999999999,97.75,17
192,"Activation: relu, Optimizer: Adamax, beta_1: 0.900000, beta_2: 0.900000, Decay: 0.000000, Normalized data",96.86599999999999,97.31200000000001,97.02,97.5,20
193,"Activation: relu, Optimizer: Adamax, beta_1: 0.900000, beta_2: 0.990000, Decay: 0.000000, Normalized data",97.594,97.708,97.69,97.89,67
194,"Activation: relu, Optimizer: Adamax, beta_1: 0.900000, beta_2: 0.950000, Decay: 0.000000, Normalized data",97.25200000000001,97.51200000000001,97.34,97.67,48
195,"Activation: relu, Optimizer: Nadam, beta_1: 0.900000, beta_2: 0.990000, Schedule Decay: 0.004000, Normalized data",97.58000000000001,97.74799999999999,97.78,97.89,30
196,"Activation: relu, Optimizer: Nadam, beta_1: 0.950000, beta_2: 0.999000, Schedule Decay: 0.004000, Normalized data",97.51200000000001,97.668,97.56,97.95,23
197,"Activation: relu, Optimizer: Nadam, beta_1: 0.950000, beta_2: 0.990000, Schedule Decay: 0.004000, Normalized data",97.53399999999999,97.69,97.59,97.83,28
198,"Activation: relu, Optimizer: Nadam, beta_1: 0.950000, beta_2: 0.950000, Schedule Decay: 0.004000, Normalized data",97.24199999999999,97.44800000000001,97.45,97.64,21
199,"Activation: relu, Optimizer: Nadam, beta_1: 0.950000, beta_2: 0.900000, Schedule Decay: 0.004000, Normalized data",96.614,97.342,96.75,97.71,24
200,"Activation: relu, Optimizer: Nadam, beta_1: 0.900000, beta_2: 0.900000, Schedule Decay: 0.004000, Normalized data",96.878,97.374,96.92,97.65,27
201,"Activation: relu, Optimizer: Nadam, beta_1: 0.900000, beta_2: 0.950000, Schedule Decay: 0.004000, Normalized data",97.262,97.47600000000001,97.4,97.71,43
202,"Activation: elu, Optimizer: sgd, Momentum: 0.100000, Decay: 0.000000, Nesterov: False, Normalized data",97.38799999999999,97.38799999999999,97.48,97.48,99
203,"Activation: elu, Optimizer: sgd, Momentum: 0.900000, Decay: 0.000000, Nesterov: False, Normalized data",98.10400000000001,98.11200000000001,98.26,98.27,98
204,"Activation: elu, Optimizer: sgd, Momentum: 0.950000, Decay: 0.000000, Nesterov: False, Normalized data",98.04,98.11,98.14,98.24000000000001,78
205,"Activation: elu, Optimizer: sgd, Momentum: 0.990000, Decay: 0.000000, Nesterov: False, Normalized data",13.088000000000003,95.59599999999999,18.41,96.00999999999999,10
206,"Activation: elu, Optimizer: sgd, Momentum: 0.999000, Decay: 0.000000, Nesterov: False, Normalized data",10.106,14.065999999999997,11.35,21.87,0
207,"Activation: elu, Optimizer: sgd, Momentum: 0.000000, Decay: 0.000000, Nesterov: True, Normalized data",97.33800000000001,97.33800000000001,97.48,97.48,99
208,"Activation: elu, Optimizer: sgd, Momentum: 0.100000, Decay: 0.000000, Nesterov: True, Normalized data",97.35199999999999,97.35199999999999,97.5,97.53,99
209,"Activation: elu, Optimizer: sgd, Momentum: 0.900000, Decay: 0.000000, Nesterov: True, Normalized data",98.11,98.13600000000001,98.2,98.27,89
210,"Activation: elu, Optimizer: sgd, Momentum: 0.950000, Decay: 0.000000, Nesterov: True, Normalized data",98.024,98.09400000000001,98.17,98.25,80
211,"Activation: elu, Optimizer: sgd, Momentum: 0.990000, Decay: 0.000000, Nesterov: True, Normalized data",10.994,95.96199999999999,12.590000000000002,96.46000000000001,10
212,"Activation: elu, Optimizer: sgd, Momentum: 0.999000, Decay: 0.000000, Nesterov: True, Normalized data",11.312000000000003,11.312000000000003,15.2,15.2,99
213,"Activation: elu, Optimizer: rmsp, rho: 0.500000, Decay: 0.000000, Normalized data",97.736,97.81,97.91,97.96000000000001,94
214,"Activation: elu, Optimizer: rmsp, rho: 0.990000, Decay: 0.000000, Normalized data",97.984,98.06000000000002,98.07000000000001,98.19,61
215,"Activation: elu, Optimizer: rmsp, rho: 0.950000, Decay: 0.000000, Normalized data",97.98,98.05399999999999,98.0,98.22,45
216,"Activation: elu, Optimizer: rmsp, rho: 0.999000, Decay: 0.000000, Normalized data",98.024,98.06000000000002,98.1,98.21,71
217,"Activation: elu, Optimizer: rmsp, rho: 0.999900, Decay: 0.000000, Normalized data",97.37,97.37,97.96000000000001,98.06,99
218,"Activation: elu, Optimizer: Adadelta, rho: 0.500000, Decay: 0.000000, Normalized data",97.872,97.91399999999999,98.04,98.09,96
219,"Activation: elu, Optimizer: Adadelta, rho: 0.900000, Decay: 0.000000, Normalized data",98.058,98.08399999999999,98.15,98.22999999999999,97
220,"Activation: elu, Optimizer: Adadelta, rho: 0.990000, Decay: 0.000000, Normalized data",98.072,98.16199999999998,98.11999999999999,98.31,67
221,"Activation: elu, Optimizer: Adadelta, rho: 0.999000, Decay: 0.000000, Normalized data",98.06200000000001,98.08999999999999,98.2,98.22999999999999,98
222,"Activation: elu, Optimizer: Adadelta, rho: 0.999900, Decay: 0.000000, Normalized data",97.718,97.82600000000001,97.99,98.11,79
223,"Activation: elu, Optimizer: adam, amsgrad: 0.000000, beta_1: 0.950000, beta_2: 0.999900, Decay: 0.000000, Normalized data",97.92200000000001,98.046,98.0,98.18,79
224,"Activation: elu, Optimizer: adam, amsgrad: 0.000000, beta_1: 0.900000, beta_2: 0.999000, Decay: 0.000000, Normalized data",97.97200000000001,98.05999999999999,98.06,98.19,61
225,"Activation: elu, Optimizer: adam, amsgrad: 0.000000, beta_1: 0.950000, beta_2: 0.999000, Decay: 0.000000, Normalized data",97.94800000000001,97.998,98.11,98.24000000000001,50
226,"Activation: elu, Optimizer: adam, amsgrad: 0.000000, beta_1: 0.900000, beta_2: 0.999900, Decay: 0.000000, Normalized data",97.936,98.02199999999999,97.99,98.17,75
227,"Activation: elu, Optimizer: adam, amsgrad: 1.000000, beta_1: 0.950000, beta_2: 0.999900, Decay: 0.000000, Normalized data",97.984,98.07600000000001,98.1,98.26,84
228,"Activation: elu, Optimizer: adam, amsgrad: 1.000000, beta_1: 0.900000, beta_2: 0.999000, Decay: 0.000000, Normalized data",98.074,98.074,98.16,98.22999999999999,99
229,"Activation: elu, Optimizer: adam, amsgrad: 1.000000, beta_1: 0.950000, beta_2: 0.999000, Decay: 0.000000, Normalized data",97.97200000000001,98.05199999999999,98.07000000000001,98.27,83
230,"Activation: elu, Optimizer: adam, amsgrad: 1.000000, beta_1: 0.900000, beta_2: 0.999900, Decay: 0.000000, Normalized data",97.99,98.054,98.13,98.22999999999999,61
231,"Activation: elu, Optimizer: Adamax, beta_1: 0.990000, beta_2: 0.999900, Decay: 0.000000, Normalized data",97.996,98.03200000000001,98.13,98.27,94
232,"Activation: elu, Optimizer: Adamax, beta_1: 0.990000, beta_2: 0.999000, Decay: 0.000000, Normalized data",98.07400000000001,98.092,98.21,98.22999999999999,80
233,"Activation: elu, Optimizer: Adamax, beta_1: 0.950000, beta_2: 0.999000, Decay: 0.000000, Normalized data",98.16199999999998,98.166,98.29,98.31,98
234,"Activation: elu, Optimizer: Adamax, beta_1: 0.950000, beta_2: 0.990000, Decay: 0.000000, Normalized data",98.072,98.084,98.11,98.28,98
235,"Activation: elu, Optimizer: Adamax, beta_1: 0.950000, beta_2: 0.950000, Decay: 0.000000, Normalized data",97.90599999999999,98.026,97.98,98.17,68
236,"Activation: elu, Optimizer: Adamax, beta_1: 0.900000, beta_2: 0.900000, Decay: 0.000000, Normalized data",97.864,97.94,97.95,98.14,56
237,"Activation: elu, Optimizer: Adamax, beta_1: 0.900000, beta_2: 0.990000, Decay: 0.000000, Normalized data",98.03200000000001,98.08999999999999,98.11999999999999,98.2,62
238,"Activation: elu, Optimizer: Adamax, beta_1: 0.900000, beta_2: 0.950000, Decay: 0.000000, Normalized data",97.96199999999999,97.99799999999999,98.1,98.2,61
239,"Activation: elu, Optimizer: Nadam, beta_1: 0.900000, beta_2: 0.990000, Schedule Decay: 0.004000, Normalized data",97.85600000000001,97.91400000000002,98.1,98.1,79
240,"Activation: elu, Optimizer: Nadam, beta_1: 0.950000, beta_2: 0.999000, Schedule Decay: 0.004000, Normalized data",97.78800000000001,97.894,97.89,98.06,53
241,"Activation: elu, Optimizer: Nadam, beta_1: 0.950000, beta_2: 0.990000, Schedule Decay: 0.004000, Normalized data",97.838,97.98199999999999,97.96000000000001,98.16,29
242,"Activation: elu, Optimizer: Nadam, beta_1: 0.950000, beta_2: 0.950000, Schedule Decay: 0.004000, Normalized data",97.758,97.916,97.85000000000001,98.11999999999999,44
243,"Activation: elu, Optimizer: Nadam, beta_1: 0.950000, beta_2: 0.900000, Schedule Decay: 0.004000, Normalized data",97.668,97.89,97.85000000000001,98.15,66
244,"Activation: elu, Optimizer: Nadam, beta_1: 0.900000, beta_2: 0.900000, Schedule Decay: 0.004000, Normalized data",97.804,97.95,97.97,98.2,52
245,"Activation: elu, Optimizer: Nadam, beta_1: 0.900000, beta_2: 0.950000, Schedule Decay: 0.004000, Normalized data",97.81400000000001,97.90400000000001,98.02,98.11,31
246,"Activation: selu, Optimizer: sgd, Momentum: 0.100000, Decay: 0.000000, Nesterov: False, Normalized data",96.64200000000001,96.64200000000001,96.8,96.82,99
247,"Activation: selu, Optimizer: sgd, Momentum: 0.900000, Decay: 0.000000, Nesterov: False, Normalized data",97.99199999999999,97.99199999999999,98.15,98.15,99
248,"Activation: selu, Optimizer: sgd, Momentum: 0.950000, Decay: 0.000000, Nesterov: False, Normalized data",97.97799999999998,97.994,98.07000000000001,98.21,95
249,"Activation: selu, Optimizer: sgd, Momentum: 0.990000, Decay: 0.000000, Nesterov: False, Normalized data",10.207999999999998,63.080000000000005,10.280000000000001,65.78,0
250,"Activation: selu, Optimizer: sgd, Momentum: 0.999000, Decay: 0.000000, Nesterov: False, Normalized data",10.234000000000002,16.232,11.35,25.81,0
251,"Activation: selu, Optimizer: sgd, Momentum: 0.000000, Decay: 0.000000, Nesterov: True, Normalized data",96.602,96.61,96.78,96.78999999999999,96
252,"Activation: selu, Optimizer: sgd, Momentum: 0.100000, Decay: 0.000000, Nesterov: True, Normalized data",96.64999999999999,96.702,96.72,96.83,95
253,"Activation: selu, Optimizer: sgd, Momentum: 0.900000, Decay: 0.000000, Nesterov: True, Normalized data",97.874,97.898,97.95,98.02,98
254,"Activation: selu, Optimizer: sgd, Momentum: 0.950000, Decay: 0.000000, Nesterov: True, Normalized data",97.874,98.00600000000001,98.0,98.17,94
255,"Activation: selu, Optimizer: sgd, Momentum: 0.990000, Decay: 0.000000, Nesterov: True, Normalized data",10.636000000000001,91.166,11.35,91.35,0
256,"Activation: selu, Optimizer: sgd, Momentum: 0.999000, Decay: 0.000000, Nesterov: True, Normalized data",14.506,14.601999999999999,23.14,23.32,0
257,"Activation: selu, Optimizer: rmsp, rho: 0.500000, Decay: 0.000000, Normalized data",97.7,97.732,97.75,97.89,82
258,"Activation: selu, Optimizer: rmsp, rho: 0.990000, Decay: 0.000000, Normalized data",97.896,97.994,97.97,98.13,98
259,"Activation: selu, Optimizer: rmsp, rho: 0.950000, Decay: 0.000000, Normalized data",97.896,97.932,98.02,98.11999999999999,74
260,"Activation: selu, Optimizer: rmsp, rho: 0.999000, Decay: 0.000000, Normalized data",97.942,97.99799999999999,98.06,98.19,77
261,"Activation: selu, Optimizer: rmsp, rho: 0.999900, Decay: 0.000000, Normalized data",97.934,98.056,98.02,98.17,67
262,"Activation: selu, Optimizer: Adadelta, rho: 0.500000, Decay: 0.000000, Normalized data",97.684,97.706,97.75,97.8,96
263,"Activation: selu, Optimizer: Adadelta, rho: 0.900000, Decay: 0.000000, Normalized data",97.96000000000001,97.96000000000001,98.06,98.06,99
264,"Activation: selu, Optimizer: Adadelta, rho: 0.990000, Decay: 0.000000, Normalized data",98.006,98.072,98.11,98.16,59
265,"Activation: selu, Optimizer: Adadelta, rho: 0.999000, Decay: 0.000000, Normalized data",97.96800000000002,97.994,98.09,98.2,96
266,"Activation: selu, Optimizer: Adadelta, rho: 0.999900, Decay: 0.000000, Normalized data",97.776,97.966,97.9,98.21,92
267,"Activation: selu, Optimizer: adam, amsgrad: 0.000000, beta_1: 0.950000, beta_2: 0.999900, Decay: 0.000000, Normalized data",97.956,97.996,98.11,98.15,98
268,"Activation: selu, Optimizer: adam, amsgrad: 0.000000, beta_1: 0.900000, beta_2: 0.999000, Decay: 0.000000, Normalized data",97.98199999999999,98.03599999999999,98.16,98.22,78
269,"Activation: selu, Optimizer: adam, amsgrad: 0.000000, beta_1: 0.950000, beta_2: 0.999000, Decay: 0.000000, Normalized data",97.88399999999999,97.96999999999998,98.11,98.13,90
270,"Activation: selu, Optimizer: adam, amsgrad: 0.000000, beta_1: 0.900000, beta_2: 0.999900, Decay: 0.000000, Normalized data",97.97600000000001,97.99799999999999,98.06,98.2,86
271,"Activation: selu, Optimizer: adam, amsgrad: 1.000000, beta_1: 0.950000, beta_2: 0.999900, Decay: 0.000000, Normalized data",97.956,98.03200000000001,98.05,98.22999999999999,86
272,"Activation: selu, Optimizer: adam, amsgrad: 1.000000, beta_1: 0.900000, beta_2: 0.999000, Decay: 0.000000, Normalized data",97.918,97.96800000000002,98.0,98.09,97
273,"Activation: selu, Optimizer: adam, amsgrad: 1.000000, beta_1: 0.950000, beta_2: 0.999000, Decay: 0.000000, Normalized data",97.97,97.984,98.00999999999999,98.1,96
274,"Activation: selu, Optimizer: adam, amsgrad: 1.000000, beta_1: 0.900000, beta_2: 0.999900, Decay: 0.000000, Normalized data",97.928,97.958,98.11,98.15,93
275,"Activation: selu, Optimizer: Adamax, beta_1: 0.990000, beta_2: 0.999900, Decay: 0.000000, Normalized data",97.782,97.822,97.87,97.98,98
276,"Activation: selu, Optimizer: Adamax, beta_1: 0.990000, beta_2: 0.999000, Decay: 0.000000, Normalized data",97.96199999999999,97.97,98.03,98.11,95
277,"Activation: selu, Optimizer: Adamax, beta_1: 0.950000, beta_2: 0.999000, Decay: 0.000000, Normalized data",97.93199999999999,97.96400000000001,98.03,98.19,96
278,"Activation: selu, Optimizer: Adamax, beta_1: 0.950000, beta_2: 0.990000, Decay: 0.000000, Normalized data",97.934,97.97399999999999,98.03,98.16,88
279,"Activation: selu, Optimizer: Adamax, beta_1: 0.950000, beta_2: 0.950000, Decay: 0.000000, Normalized data",97.94599999999998,97.988,98.09,98.21,59
280,"Activation: selu, Optimizer: Adamax, beta_1: 0.900000, beta_2: 0.900000, Decay: 0.000000, Normalized data",97.828,97.928,97.97,98.18,89
281,"Activation: selu, Optimizer: Adamax, beta_1: 0.900000, beta_2: 0.990000, Decay: 0.000000, Normalized data",97.908,97.96799999999999,98.03,98.18,98
282,"Activation: selu, Optimizer: Adamax, beta_1: 0.900000, beta_2: 0.950000, Decay: 0.000000, Normalized data",97.924,97.986,98.00999999999999,98.14,92
283,"Activation: selu, Optimizer: Nadam, beta_1: 0.900000, beta_2: 0.990000, Schedule Decay: 0.004000, Normalized data",97.836,97.92999999999999,98.0,98.14,95
284,"Activation: selu, Optimizer: Nadam, beta_1: 0.950000, beta_2: 0.999000, Schedule Decay: 0.004000, Normalized data",97.834,97.958,98.06,98.09,80
285,"Activation: selu, Optimizer: Nadam, beta_1: 0.950000, beta_2: 0.990000, Schedule Decay: 0.004000, Normalized data",97.81400000000001,97.944,98.07000000000001,98.16,86
286,"Activation: selu, Optimizer: Nadam, beta_1: 0.950000, beta_2: 0.950000, Schedule Decay: 0.004000, Normalized data",97.864,97.942,97.95,98.11999999999999,57
287,"Activation: selu, Optimizer: Nadam, beta_1: 0.950000, beta_2: 0.900000, Schedule Decay: 0.004000, Normalized data",97.774,97.866,97.98,98.1,72
288,"Activation: selu, Optimizer: Nadam, beta_1: 0.900000, beta_2: 0.900000, Schedule Decay: 0.004000, Normalized data",97.772,97.882,97.92999999999999,98.06,70
289,"Activation: selu, Optimizer: Nadam, beta_1: 0.900000, beta_2: 0.950000, Schedule Decay: 0.004000, Normalized data",97.844,97.88799999999999,97.95,98.05,51
290,"Activation: softplus, Optimizer: sgd, Momentum: 0.100000, Decay: 0.000000, Nesterov: False, Normalized data",96.296,96.296,96.41999999999999,96.41999999999999,99
291,"Activation: softplus, Optimizer: sgd, Momentum: 0.900000, Decay: 0.000000, Nesterov: False, Normalized data",97.83200000000001,97.83200000000001,97.96000000000001,97.99,99
292,"Activation: softplus, Optimizer: sgd, Momentum: 0.950000, Decay: 0.000000, Nesterov: False, Normalized data",97.75399999999999,97.8,97.84,97.95,95
293,"Activation: softplus, Optimizer: sgd, Momentum: 0.990000, Decay: 0.000000, Nesterov: False, Normalized data",97.098,97.386,97.25,97.58,48
294,"Activation: softplus, Optimizer: sgd, Momentum: 0.999000, Decay: 0.000000, Nesterov: False, Normalized data",18.852,75.486,42.34,74.78,0
295,"Activation: softplus, Optimizer: sgd, Momentum: 0.000000, Decay: 0.000000, Nesterov: True, Normalized data",96.12400000000001,96.12400000000001,96.31,96.33,99
296,"Activation: softplus, Optimizer: sgd, Momentum: 0.100000, Decay: 0.000000, Nesterov: True, Normalized data",96.244,96.244,96.33,96.33,99
297,"Activation: softplus, Optimizer: sgd, Momentum: 0.900000, Decay: 0.000000, Nesterov: True, Normalized data",97.79800000000002,97.82,97.91,98.02,95
298,"Activation: softplus, Optimizer: sgd, Momentum: 0.950000, Decay: 0.000000, Nesterov: True, Normalized data",97.70800000000001,97.794,97.86,97.98,89
299,"Activation: softplus, Optimizer: sgd, Momentum: 0.990000, Decay: 0.000000, Nesterov: True, Normalized data",97.348,97.49600000000001,97.56,97.68,59
300,"Activation: softplus, Optimizer: sgd, Momentum: 0.999000, Decay: 0.000000, Nesterov: True, Normalized data",10.822000000000001,81.146,11.35,83.9,0
301,"Activation: softplus, Optimizer: rmsp, rho: 0.500000, Decay: 0.000000, Normalized data",96.294,96.952,96.53,97.24000000000001,22
302,"Activation: softplus, Optimizer: rmsp, rho: 0.990000, Decay: 0.000000, Normalized data",97.712,97.86399999999999,97.75,98.00999999999999,47
303,"Activation: softplus, Optimizer: rmsp, rho: 0.950000, Decay: 0.000000, Normalized data",97.848,97.898,97.9,98.04,43
304,"Activation: softplus, Optimizer: rmsp, rho: 0.999000, Decay: 0.000000, Normalized data",97.778,97.88600000000001,97.86,98.02,58
305,"Activation: softplus, Optimizer: rmsp, rho: 0.999900, Decay: 0.000000, Normalized data",97.66199999999999,97.772,97.72,97.99,38
306,"Activation: softplus, Optimizer: Adadelta, rho: 0.500000, Decay: 0.000000, Normalized data",97.454,97.52199999999999,97.58,97.72,91
307,"Activation: softplus, Optimizer: Adadelta, rho: 0.900000, Decay: 0.000000, Normalized data",97.88600000000001,97.916,97.96000000000001,98.07000000000001,92
308,"Activation: softplus, Optimizer: Adadelta, rho: 0.990000, Decay: 0.000000, Normalized data",97.96199999999999,98.048,98.00999999999999,98.16,97
309,"Activation: softplus, Optimizer: Adadelta, rho: 0.999000, Decay: 0.000000, Normalized data",97.804,97.85600000000001,98.02,98.02,79
310,"Activation: softplus, Optimizer: Adadelta, rho: 0.999900, Decay: 0.000000, Normalized data",97.538,97.638,97.69,97.81,33
311,"Activation: softplus, Optimizer: adam, amsgrad: 0.000000, beta_1: 0.950000, beta_2: 0.999900, Decay: 0.000000, Normalized data",97.732,97.82600000000001,97.8,98.00999999999999,74
312,"Activation: softplus, Optimizer: adam, amsgrad: 0.000000, beta_1: 0.900000, beta_2: 0.999000, Decay: 0.000000, Normalized data",97.84200000000001,97.90199999999999,97.94,98.03,84
313,"Activation: softplus, Optimizer: adam, amsgrad: 0.000000, beta_1: 0.950000, beta_2: 0.999000, Decay: 0.000000, Normalized data",97.762,97.864,97.85000000000001,98.04,60
314,"Activation: softplus, Optimizer: adam, amsgrad: 0.000000, beta_1: 0.900000, beta_2: 0.999900, Decay: 0.000000, Normalized data",97.78799999999998,97.80799999999999,97.92,97.98,76
315,"Activation: softplus, Optimizer: adam, amsgrad: 1.000000, beta_1: 0.950000, beta_2: 0.999900, Decay: 0.000000, Normalized data",97.78399999999999,97.85600000000001,97.86,98.0,56
316,"Activation: softplus, Optimizer: adam, amsgrad: 1.000000, beta_1: 0.900000, beta_2: 0.999000, Decay: 0.000000, Normalized data",97.838,97.88,97.98,98.00999999999999,86
317,"Activation: softplus, Optimizer: adam, amsgrad: 1.000000, beta_1: 0.950000, beta_2: 0.999000, Decay: 0.000000, Normalized data",97.796,97.862,97.85000000000001,97.99,49
318,"Activation: softplus, Optimizer: adam, amsgrad: 1.000000, beta_1: 0.900000, beta_2: 0.999900, Decay: 0.000000, Normalized data",97.74800000000002,97.84599999999999,97.87,98.02,86
319,"Activation: softplus, Optimizer: Adamax, beta_1: 0.990000, beta_2: 0.999900, Decay: 0.000000, Normalized data",97.84,97.84,97.88,97.96000000000001,99
320,"Activation: softplus, Optimizer: Adamax, beta_1: 0.990000, beta_2: 0.999000, Decay: 0.000000, Normalized data",97.836,97.836,97.95,97.96000000000001,99
321,"Activation: softplus, Optimizer: Adamax, beta_1: 0.950000, beta_2: 0.999000, Decay: 0.000000, Normalized data",97.916,97.94,98.02,98.04,98
322,"Activation: softplus, Optimizer: Adamax, beta_1: 0.950000, beta_2: 0.990000, Decay: 0.000000, Normalized data",97.908,97.94600000000001,98.05,98.13,84
323,"Activation: softplus, Optimizer: Adamax, beta_1: 0.950000, beta_2: 0.950000, Decay: 0.000000, Normalized data",97.654,97.822,97.71,98.0,47
324,"Activation: softplus, Optimizer: Adamax, beta_1: 0.900000, beta_2: 0.900000, Decay: 0.000000, Normalized data",97.198,97.718,97.41,97.88,21
325,"Activation: softplus, Optimizer: Adamax, beta_1: 0.900000, beta_2: 0.990000, Decay: 0.000000, Normalized data",97.942,97.98,98.1,98.1,95
326,"Activation: softplus, Optimizer: Adamax, beta_1: 0.900000, beta_2: 0.950000, Decay: 0.000000, Normalized data",97.668,97.834,97.82,97.92999999999999,44
327,"Activation: softplus, Optimizer: Nadam, beta_1: 0.900000, beta_2: 0.990000, Schedule Decay: 0.004000, Normalized data",97.676,97.812,97.75,98.00999999999999,33
328,"Activation: softplus, Optimizer: Nadam, beta_1: 0.950000, beta_2: 0.999000, Schedule Decay: 0.004000, Normalized data",97.614,97.76800000000001,97.65,97.96000000000001,40
329,"Activation: softplus, Optimizer: Nadam, beta_1: 0.950000, beta_2: 0.990000, Schedule Decay: 0.004000, Normalized data",97.64200000000001,97.758,97.71,97.92999999999999,48
330,"Activation: softplus, Optimizer: Nadam, beta_1: 0.950000, beta_2: 0.950000, Schedule Decay: 0.004000, Normalized data",97.456,97.706,97.64,97.84,28
331,"Activation: softplus, Optimizer: Nadam, beta_1: 0.950000, beta_2: 0.900000, Schedule Decay: 0.004000, Normalized data",96.96199999999999,97.66,97.06,97.82,21
332,"Activation: softplus, Optimizer: Nadam, beta_1: 0.900000, beta_2: 0.900000, Schedule Decay: 0.004000, Normalized data",96.954,97.68,97.05,97.86,23
333,"Activation: softplus, Optimizer: Nadam, beta_1: 0.900000, beta_2: 0.950000, Schedule Decay: 0.004000, Normalized data",97.44800000000001,97.77799999999999,97.65,98.02,18
334,"Activation: softsign, Optimizer: sgd, Momentum: 0.100000, Decay: 0.000000, Nesterov: False, Normalized data",96.426,96.426,96.59,96.59,99
335,"Activation: softsign, Optimizer: sgd, Momentum: 0.900000, Decay: 0.000000, Nesterov: False, Normalized data",97.492,97.532,97.61,97.68,95
336,"Activation: softsign, Optimizer: sgd, Momentum: 0.950000, Decay: 0.000000, Nesterov: False, Normalized data",97.66199999999999,97.704,97.82,97.82,85
337,"Activation: softsign, Optimizer: sgd, Momentum: 0.990000, Decay: 0.000000, Nesterov: False, Normalized data",97.57999999999998,97.57999999999998,97.74000000000001,97.87,99
338,"Activation: softsign, Optimizer: sgd, Momentum: 0.999000, Decay: 0.000000, Nesterov: False, Normalized data",16.451999999999998,89.35600000000001,21.029999999999998,90.21000000000001,0
339,"Activation: softsign, Optimizer: sgd, Momentum: 0.000000, Decay: 0.000000, Nesterov: True, Normalized data",96.248,96.248,96.48,96.48,99
340,"Activation: softsign, Optimizer: sgd, Momentum: 0.100000, Decay: 0.000000, Nesterov: True, Normalized data",96.384,96.384,96.47,96.48,99
341,"Activation: softsign, Optimizer: sgd, Momentum: 0.900000, Decay: 0.000000, Nesterov: True, Normalized data",97.49400000000001,97.554,97.66,97.71,93
342,"Activation: softsign, Optimizer: sgd, Momentum: 0.950000, Decay: 0.000000, Nesterov: True, Normalized data",97.65999999999998,97.67999999999999,97.78999999999999,97.83,92
343,"Activation: softsign, Optimizer: sgd, Momentum: 0.990000, Decay: 0.000000, Nesterov: True, Normalized data",97.438,97.49400000000001,97.61,97.71,98
344,"Activation: softsign, Optimizer: sgd, Momentum: 0.999000, Decay: 0.000000, Nesterov: True, Normalized data",18.701999999999998,90.17199999999998,29.64,90.53,1
345,"Activation: softsign, Optimizer: rmsp, rho: 0.500000, Decay: 0.000000, Normalized data",96.94800000000001,97.03200000000001,97.06,97.21,94
346,"Activation: softsign, Optimizer: rmsp, rho: 0.990000, Decay: 0.000000, Normalized data",97.50999999999999,97.57000000000001,97.58,97.69,95
347,"Activation: softsign, Optimizer: rmsp, rho: 0.950000, Decay: 0.000000, Normalized data",97.55,97.57400000000001,97.67,97.68,88
348,"Activation: softsign, Optimizer: rmsp, rho: 0.999000, Decay: 0.000000, Normalized data",97.52600000000001,97.52600000000001,97.57000000000001,97.74000000000001,99
349,"Activation: softsign, Optimizer: rmsp, rho: 0.999900, Decay: 0.000000, Normalized data",97.38799999999999,97.428,97.52,97.61999999999999,87
350,"Activation: softsign, Optimizer: Adadelta, rho: 0.500000, Decay: 0.000000, Normalized data",97.248,97.272,97.33000000000001,97.4,97
351,"Activation: softsign, Optimizer: Adadelta, rho: 0.900000, Decay: 0.000000, Normalized data",97.594,97.60799999999999,97.69,97.75,96
352,"Activation: softsign, Optimizer: Adadelta, rho: 0.990000, Decay: 0.000000, Normalized data",97.646,97.684,97.78,97.84,89
353,"Activation: softsign, Optimizer: Adadelta, rho: 0.999000, Decay: 0.000000, Normalized data",97.53399999999999,97.66,97.7,97.78999999999999,98
354,"Activation: softsign, Optimizer: Adadelta, rho: 0.999900, Decay: 0.000000, Normalized data",97.526,97.6,97.66,97.84,98
355,"Activation: softsign, Optimizer: adam, amsgrad: 0.000000, beta_1: 0.950000, beta_2: 0.999900, Decay: 0.000000, Normalized data",97.514,97.58200000000001,97.54,97.77,98
356,"Activation: softsign, Optimizer: adam, amsgrad: 0.000000, beta_1: 0.900000, beta_2: 0.999000, Decay: 0.000000, Normalized data",97.462,97.498,97.57000000000001,97.65,61
357,"Activation: softsign, Optimizer: adam, amsgrad: 0.000000, beta_1: 0.950000, beta_2: 0.999000, Decay: 0.000000, Normalized data",97.49000000000001,97.57399999999998,97.86,97.86,77
358,"Activation: softsign, Optimizer: adam, amsgrad: 0.000000, beta_1: 0.900000, beta_2: 0.999900, Decay: 0.000000, Normalized data",97.54599999999999,97.59,97.66,97.72,79
359,"Activation: softsign, Optimizer: adam, amsgrad: 1.000000, beta_1: 0.950000, beta_2: 0.999900, Decay: 0.000000, Normalized data",97.49600000000001,97.576,97.68,97.72999999999999,80
360,"Activation: softsign, Optimizer: adam, amsgrad: 1.000000, beta_1: 0.900000, beta_2: 0.999000, Decay: 0.000000, Normalized data",97.47,97.52600000000001,97.55,97.68,94
361,"Activation: softsign, Optimizer: adam, amsgrad: 1.000000, beta_1: 0.950000, beta_2: 0.999000, Decay: 0.000000, Normalized data",97.45000000000002,97.55,97.55,97.72999999999999,79
362,"Activation: softsign, Optimizer: adam, amsgrad: 1.000000, beta_1: 0.900000, beta_2: 0.999900, Decay: 0.000000, Normalized data",97.402,97.514,97.50999999999999,97.72999999999999,93
363,"Activation: softsign, Optimizer: Adamax, beta_1: 0.990000, beta_2: 0.999900, Decay: 0.000000, Normalized data",97.48400000000001,97.48599999999999,97.53,97.61,98
364,"Activation: softsign, Optimizer: Adamax, beta_1: 0.990000, beta_2: 0.999000, Decay: 0.000000, Normalized data",97.47399999999999,97.5,97.61,97.72999999999999,92
365,"Activation: softsign, Optimizer: Adamax, beta_1: 0.950000, beta_2: 0.999000, Decay: 0.000000, Normalized data",97.586,97.586,97.76,97.76,99
366,"Activation: softsign, Optimizer: Adamax, beta_1: 0.950000, beta_2: 0.990000, Decay: 0.000000, Normalized data",97.604,97.604,97.68,97.75,99
367,"Activation: softsign, Optimizer: Adamax, beta_1: 0.950000, beta_2: 0.950000, Decay: 0.000000, Normalized data",97.49400000000001,97.524,97.57000000000001,97.66,73
368,"Activation: softsign, Optimizer: Adamax, beta_1: 0.900000, beta_2: 0.900000, Decay: 0.000000, Normalized data",97.444,97.478,97.48,97.7,96
369,"Activation: softsign, Optimizer: Adamax, beta_1: 0.900000, beta_2: 0.990000, Decay: 0.000000, Normalized data",97.478,97.54799999999999,97.55,97.7,98
370,"Activation: softsign, Optimizer: Adamax, beta_1: 0.900000, beta_2: 0.950000, Decay: 0.000000, Normalized data",97.428,97.498,97.55,97.61999999999999,93
371,"Activation: softsign, Optimizer: Nadam, beta_1: 0.900000, beta_2: 0.990000, Schedule Decay: 0.004000, Normalized data",97.416,97.54400000000001,97.52,97.72999999999999,94
372,"Activation: softsign, Optimizer: Nadam, beta_1: 0.950000, beta_2: 0.999000, Schedule Decay: 0.004000, Normalized data",97.412,97.49600000000001,97.61999999999999,97.65,90
373,"Activation: softsign, Optimizer: Nadam, beta_1: 0.950000, beta_2: 0.990000, Schedule Decay: 0.004000, Normalized data",97.392,97.50399999999999,97.45,97.61,87
374,"Activation: softsign, Optimizer: Nadam, beta_1: 0.950000, beta_2: 0.950000, Schedule Decay: 0.004000, Normalized data",97.482,97.528,97.55,97.68,94
375,"Activation: softsign, Optimizer: Nadam, beta_1: 0.950000, beta_2: 0.900000, Schedule Decay: 0.004000, Normalized data",97.436,97.506,97.52,97.64,66
376,"Activation: softsign, Optimizer: Nadam, beta_1: 0.900000, beta_2: 0.900000, Schedule Decay: 0.004000, Normalized data",97.506,97.564,97.55,97.71,63
377,"Activation: softsign, Optimizer: Nadam, beta_1: 0.900000, beta_2: 0.950000, Schedule Decay: 0.004000, Normalized data",97.45800000000001,97.472,97.65,97.69,90
378,"Activation: hard_sigmoid, Optimizer: sgd, Momentum: 0.100000, Decay: 0.000000, Nesterov: False, Normalized data",93.88,93.88,93.94,93.94,99
379,"Activation: hard_sigmoid, Optimizer: sgd, Momentum: 0.900000, Decay: 0.000000, Nesterov: False, Normalized data",97.416,97.46000000000001,97.65,97.65,95
380,"Activation: hard_sigmoid, Optimizer: sgd, Momentum: 0.950000, Decay: 0.000000, Nesterov: False, Normalized data",97.682,97.69200000000001,97.87,97.91,95
381,"Activation: hard_sigmoid, Optimizer: sgd, Momentum: 0.990000, Decay: 0.000000, Nesterov: False, Normalized data",97.44999999999999,97.604,97.59,97.83,69
382,"Activation: hard_sigmoid, Optimizer: sgd, Momentum: 0.999000, Decay: 0.000000, Nesterov: False, Normalized data",95.94200000000001,96.13400000000001,96.25,96.58,96
383,"Activation: hard_sigmoid, Optimizer: sgd, Momentum: 0.000000, Decay: 0.000000, Nesterov: True, Normalized data",93.632,93.632,93.78999999999999,93.78999999999999,99
384,"Activation: hard_sigmoid, Optimizer: sgd, Momentum: 0.100000, Decay: 0.000000, Nesterov: True, Normalized data",93.854,93.854,93.9,93.9,99
385,"Activation: hard_sigmoid, Optimizer: sgd, Momentum: 0.900000, Decay: 0.000000, Nesterov: True, Normalized data",97.45799999999998,97.45799999999998,97.53,97.58,99
386,"Activation: hard_sigmoid, Optimizer: sgd, Momentum: 0.950000, Decay: 0.000000, Nesterov: True, Normalized data",97.60799999999999,97.64399999999999,97.67,97.72999999999999,91
387,"Activation: hard_sigmoid, Optimizer: sgd, Momentum: 0.990000, Decay: 0.000000, Nesterov: True, Normalized data",97.592,97.71600000000001,97.76,97.91,63
388,"Activation: hard_sigmoid, Optimizer: sgd, Momentum: 0.999000, Decay: 0.000000, Nesterov: True, Normalized data",96.214,96.35999999999999,96.38,96.72,93
389,"Activation: hard_sigmoid, Optimizer: rmsp, rho: 0.500000, Decay: 0.000000, Normalized data",96.924,96.924,97.02,97.1,99
390,"Activation: hard_sigmoid, Optimizer: rmsp, rho: 0.990000, Decay: 0.000000, Normalized data",97.56,97.61599999999999,97.65,97.77,86
391,"Activation: hard_sigmoid, Optimizer: rmsp, rho: 0.950000, Decay: 0.000000, Normalized data",97.45000000000002,97.51199999999999,97.58,97.66,72
392,"Activation: hard_sigmoid, Optimizer: rmsp, rho: 0.999000, Decay: 0.000000, Normalized data",97.54599999999999,97.69399999999999,97.59,97.84,40
393,"Activation: hard_sigmoid, Optimizer: rmsp, rho: 0.999900, Decay: 0.000000, Normalized data",97.26199999999999,97.30199999999999,97.35000000000001,97.54,87
394,"Activation: hard_sigmoid, Optimizer: Adadelta, rho: 0.500000, Decay: 0.000000, Normalized data",97.45000000000002,97.45000000000002,97.56,97.61,99
395,"Activation: hard_sigmoid, Optimizer: Adadelta, rho: 0.900000, Decay: 0.000000, Normalized data",97.59599999999999,97.63999999999999,97.64,97.78999999999999,94
396,"Activation: hard_sigmoid, Optimizer: Adadelta, rho: 0.990000, Decay: 0.000000, Normalized data",97.69200000000001,97.72999999999999,97.72999999999999,97.87,88
397,"Activation: hard_sigmoid, Optimizer: Adadelta, rho: 0.999000, Decay: 0.000000, Normalized data",97.674,97.726,97.76,97.88,91
398,"Activation: hard_sigmoid, Optimizer: Adadelta, rho: 0.999900, Decay: 0.000000, Normalized data",97.67600000000002,97.67600000000002,97.77,97.86,99
399,"Activation: hard_sigmoid, Optimizer: adam, amsgrad: 0.000000, beta_1: 0.950000, beta_2: 0.999900, Decay: 0.000000, Normalized data",97.46000000000001,97.54599999999999,97.59,97.72,62
400,"Activation: hard_sigmoid, Optimizer: adam, amsgrad: 0.000000, beta_1: 0.900000, beta_2: 0.999000, Decay: 0.000000, Normalized data",97.564,97.584,97.61999999999999,97.72999999999999,71
401,"Activation: hard_sigmoid, Optimizer: adam, amsgrad: 0.000000, beta_1: 0.950000, beta_2: 0.999000, Decay: 0.000000, Normalized data",97.55199999999998,97.59800000000001,97.72,97.81,73
402,"Activation: hard_sigmoid, Optimizer: adam, amsgrad: 0.000000, beta_1: 0.900000, beta_2: 0.999900, Decay: 0.000000, Normalized data",97.53999999999999,97.59800000000001,97.67,97.81,87
403,"Activation: hard_sigmoid, Optimizer: adam, amsgrad: 1.000000, beta_1: 0.950000, beta_2: 0.999900, Decay: 0.000000, Normalized data",97.60600000000001,97.62599999999999,97.7,97.78999999999999,88
404,"Activation: hard_sigmoid, Optimizer: adam, amsgrad: 1.000000, beta_1: 0.900000, beta_2: 0.999000, Decay: 0.000000, Normalized data",97.528,97.59800000000001,97.65,97.77,89
405,"Activation: hard_sigmoid, Optimizer: adam, amsgrad: 1.000000, beta_1: 0.950000, beta_2: 0.999000, Decay: 0.000000, Normalized data",97.58000000000001,97.58000000000001,97.71,97.77,99
406,"Activation: hard_sigmoid, Optimizer: adam, amsgrad: 1.000000, beta_1: 0.900000, beta_2: 0.999900, Decay: 0.000000, Normalized data",97.514,97.646,97.69,97.75,65
407,"Activation: hard_sigmoid, Optimizer: Adamax, beta_1: 0.990000, beta_2: 0.999900, Decay: 0.000000, Normalized data",97.41800000000002,97.42599999999999,97.67,97.67,91
408,"Activation: hard_sigmoid, Optimizer: Adamax, beta_1: 0.990000, beta_2: 0.999000, Decay: 0.000000, Normalized data",97.592,97.61599999999999,97.63,97.71,90
409,"Activation: hard_sigmoid, Optimizer: Adamax, beta_1: 0.950000, beta_2: 0.999000, Decay: 0.000000, Normalized data",97.60600000000001,97.618,97.76,97.85000000000001,96
410,"Activation: hard_sigmoid, Optimizer: Adamax, beta_1: 0.950000, beta_2: 0.990000, Decay: 0.000000, Normalized data",97.58800000000001,97.658,97.78999999999999,97.78999999999999,91
411,"Activation: hard_sigmoid, Optimizer: Adamax, beta_1: 0.950000, beta_2: 0.950000, Decay: 0.000000, Normalized data",97.42200000000001,97.57400000000001,97.58,97.87,77
412,"Activation: hard_sigmoid, Optimizer: Adamax, beta_1: 0.900000, beta_2: 0.900000, Decay: 0.000000, Normalized data",97.264,97.352,97.46000000000001,97.61,57
413,"Activation: hard_sigmoid, Optimizer: Adamax, beta_1: 0.900000, beta_2: 0.990000, Decay: 0.000000, Normalized data",97.646,97.658,97.76,97.78,98
414,"Activation: hard_sigmoid, Optimizer: Adamax, beta_1: 0.900000, beta_2: 0.950000, Decay: 0.000000, Normalized data",97.49799999999999,97.562,97.58,97.71,74
415,"Activation: hard_sigmoid, Optimizer: Nadam, beta_1: 0.900000, beta_2: 0.990000, Schedule Decay: 0.004000, Normalized data",97.488,97.58200000000001,97.64,97.77,38
416,"Activation: hard_sigmoid, Optimizer: Nadam, beta_1: 0.950000, beta_2: 0.999000, Schedule Decay: 0.004000, Normalized data",97.452,97.54400000000001,97.63,97.8,66
417,"Activation: hard_sigmoid, Optimizer: Nadam, beta_1: 0.950000, beta_2: 0.990000, Schedule Decay: 0.004000, Normalized data",97.508,97.558,97.63,97.78999999999999,68
418,"Activation: hard_sigmoid, Optimizer: Nadam, beta_1: 0.950000, beta_2: 0.950000, Schedule Decay: 0.004000, Normalized data",97.33599999999998,97.492,97.45,97.6,50
419,"Activation: hard_sigmoid, Optimizer: Nadam, beta_1: 0.950000, beta_2: 0.900000, Schedule Decay: 0.004000, Normalized data",97.196,97.432,97.33000000000001,97.56,31
420,"Activation: hard_sigmoid, Optimizer: Nadam, beta_1: 0.900000, beta_2: 0.900000, Schedule Decay: 0.004000, Normalized data",97.288,97.46599999999998,97.41,97.6,48
421,"Activation: hard_sigmoid, Optimizer: Nadam, beta_1: 0.900000, beta_2: 0.950000, Schedule Decay: 0.004000, Normalized data",97.39599999999999,97.50200000000001,97.57000000000001,97.7,37
422,"Activation: LeakyReLU, Optimizer: sgd, Momentum: 0.100000, Decay: 0.000000, Nesterov: False, Normalized data",96.83999999999999,96.83999999999999,96.88,96.9,99
423,"Activation: LeakyReLU, Optimizer: sgd, Momentum: 0.900000, Decay: 0.000000, Nesterov: False, Normalized data",97.488,97.53999999999999,97.72999999999999,97.72999999999999,98
424,"Activation: LeakyReLU, Optimizer: sgd, Momentum: 0.950000, Decay: 0.000000, Nesterov: False, Normalized data",97.384,97.482,97.54,97.65,94
425,"Activation: LeakyReLU, Optimizer: sgd, Momentum: 0.990000, Decay: 0.000000, Nesterov: False, Normalized data",10.169999999999998,92.676,11.35,93.27,2
426,"Activation: LeakyReLU, Optimizer: sgd, Momentum: 0.999000, Decay: 0.000000, Nesterov: False, Normalized data",11.862000000000002,19.948,16.54,30.409999999999997,0
427,"Activation: LeakyReLU, Optimizer: sgd, Momentum: 0.000000, Decay: 0.000000, Nesterov: True, Normalized data",96.83800000000001,96.83800000000001,96.97,96.97,97
428,"Activation: LeakyReLU, Optimizer: sgd, Momentum: 0.100000, Decay: 0.000000, Nesterov: True, Normalized data",96.868,96.868,96.98,97.0,99
429,"Activation: LeakyReLU, Optimizer: sgd, Momentum: 0.900000, Decay: 0.000000, Nesterov: True, Normalized data",97.51199999999999,97.558,97.69,97.71,88
430,"Activation: LeakyReLU, Optimizer: sgd, Momentum: 0.950000, Decay: 0.000000, Nesterov: True, Normalized data",97.384,97.434,97.50999999999999,97.61999999999999,74
431,"Activation: LeakyReLU, Optimizer: sgd, Momentum: 0.990000, Decay: 0.000000, Nesterov: True, Normalized data",10.48,94.368,11.35,94.9,8
432,"Activation: LeakyReLU, Optimizer: sgd, Momentum: 0.999000, Decay: 0.000000, Nesterov: True, Normalized data",11.54,12.560000000000002,17.72,17.82,0
433,"Activation: LeakyReLU, Optimizer: rmsp, rho: 0.500000, Decay: 0.000000, Normalized data",96.488,96.60400000000001,96.64,96.8,95
434,"Activation: LeakyReLU, Optimizer: rmsp, rho: 0.990000, Decay: 0.000000, Normalized data",97.31,97.442,97.38,97.57000000000001,73
435,"Activation: LeakyReLU, Optimizer: rmsp, rho: 0.950000, Decay: 0.000000, Normalized data",97.38799999999999,97.38799999999999,97.61999999999999,97.65,99
436,"Activation: LeakyReLU, Optimizer: rmsp, rho: 0.999000, Decay: 0.000000, Normalized data",97.322,97.41199999999999,97.48,97.56,73
437,"Activation: LeakyReLU, Optimizer: rmsp, rho: 0.999900, Decay: 0.000000, Normalized data",97.19,97.31400000000001,97.42,97.57000000000001,63
438,"Activation: LeakyReLU, Optimizer: Adadelta, rho: 0.500000, Decay: 0.000000, Normalized data",96.85600000000001,96.948,96.93,97.11,98
439,"Activation: LeakyReLU, Optimizer: Adadelta, rho: 0.900000, Decay: 0.000000, Normalized data",97.34400000000001,97.37,97.52,97.56,98
440,"Activation: LeakyReLU, Optimizer: Adadelta, rho: 0.990000, Decay: 0.000000, Normalized data",97.47999999999999,97.554,97.7,97.76,94
441,"Activation: LeakyReLU, Optimizer: Adadelta, rho: 0.999000, Decay: 0.000000, Normalized data",96.702,96.922,96.91,97.33000000000001,96
442,"Activation: LeakyReLU, Optimizer: Adadelta, rho: 0.999900, Decay: 0.000000, Normalized data",35.958000000000006,93.97400000000002,45.2,95.91,5
443,"Activation: LeakyReLU, Optimizer: adam, amsgrad: 0.000000, beta_1: 0.950000, beta_2: 0.999900, Decay: 0.000000, Normalized data",97.39999999999999,97.468,97.5,97.63,89
444,"Activation: LeakyReLU, Optimizer: adam, amsgrad: 0.000000, beta_1: 0.900000, beta_2: 0.999000, Decay: 0.000000, Normalized data",97.406,97.42599999999999,97.48,97.59,78
445,"Activation: LeakyReLU, Optimizer: adam, amsgrad: 0.000000, beta_1: 0.950000, beta_2: 0.999000, Decay: 0.000000, Normalized data",97.262,97.444,97.34,97.61999999999999,71
446,"Activation: LeakyReLU, Optimizer: adam, amsgrad: 0.000000, beta_1: 0.900000, beta_2: 0.999900, Decay: 0.000000, Normalized data",97.378,97.438,97.45,97.59,82
447,"Activation: LeakyReLU, Optimizer: adam, amsgrad: 1.000000, beta_1: 0.950000, beta_2: 0.999900, Decay: 0.000000, Normalized data",97.37199999999999,97.462,97.48,97.68,91
448,"Activation: LeakyReLU, Optimizer: adam, amsgrad: 1.000000, beta_1: 0.900000, beta_2: 0.999000, Decay: 0.000000, Normalized data",97.332,97.42200000000001,97.38,97.54,78
449,"Activation: LeakyReLU, Optimizer: adam, amsgrad: 1.000000, beta_1: 0.950000, beta_2: 0.999000, Decay: 0.000000, Normalized data",97.39800000000001,97.47999999999999,97.49,97.66,90
450,"Activation: LeakyReLU, Optimizer: adam, amsgrad: 1.000000, beta_1: 0.900000, beta_2: 0.999900, Decay: 0.000000, Normalized data",97.324,97.438,97.47,97.58,53
451,"Activation: LeakyReLU, Optimizer: Adamax, beta_1: 0.990000, beta_2: 0.999900, Decay: 0.000000, Normalized data",97.42200000000001,97.454,97.54,97.56,79
452,"Activation: LeakyReLU, Optimizer: Adamax, beta_1: 0.990000, beta_2: 0.999000, Decay: 0.000000, Normalized data",97.434,97.462,97.59,97.59,97
453,"Activation: LeakyReLU, Optimizer: Adamax, beta_1: 0.950000, beta_2: 0.999000, Decay: 0.000000, Normalized data",97.39000000000001,97.49000000000001,97.46000000000001,97.61999999999999,97
454,"Activation: LeakyReLU, Optimizer: Adamax, beta_1: 0.950000, beta_2: 0.990000, Decay: 0.000000, Normalized data",97.31400000000001,97.42599999999999,97.42,97.57000000000001,93
455,"Activation: LeakyReLU, Optimizer: Adamax, beta_1: 0.950000, beta_2: 0.950000, Decay: 0.000000, Normalized data",97.33000000000001,97.378,97.39,97.47,88
456,"Activation: LeakyReLU, Optimizer: Adamax, beta_1: 0.900000, beta_2: 0.900000, Decay: 0.000000, Normalized data",97.11399999999999,97.24600000000001,97.23,97.35000000000001,71
457,"Activation: LeakyReLU, Optimizer: Adamax, beta_1: 0.900000, beta_2: 0.990000, Decay: 0.000000, Normalized data",97.30000000000001,97.414,97.43,97.58,77
458,"Activation: LeakyReLU, Optimizer: Adamax, beta_1: 0.900000, beta_2: 0.950000, Decay: 0.000000, Normalized data",97.316,97.316,97.4,97.43,99
459,"Activation: LeakyReLU, Optimizer: Nadam, beta_1: 0.900000, beta_2: 0.990000, Schedule Decay: 0.004000, Normalized data",97.158,97.26799999999999,97.38,97.50999999999999,87
460,"Activation: LeakyReLU, Optimizer: Nadam, beta_1: 0.950000, beta_2: 0.999000, Schedule Decay: 0.004000, Normalized data",97.158,97.25800000000001,97.2,97.43,35
461,"Activation: LeakyReLU, Optimizer: Nadam, beta_1: 0.950000, beta_2: 0.990000, Schedule Decay: 0.004000, Normalized data",97.126,97.258,97.28999999999999,97.5,51
462,"Activation: LeakyReLU, Optimizer: Nadam, beta_1: 0.950000, beta_2: 0.950000, Schedule Decay: 0.004000, Normalized data",97.01599999999999,97.256,97.19,97.41,82
463,"Activation: LeakyReLU, Optimizer: Nadam, beta_1: 0.950000, beta_2: 0.900000, Schedule Decay: 0.004000, Normalized data",97.11800000000001,97.15199999999999,97.27,97.33000000000001,70
464,"Activation: LeakyReLU, Optimizer: Nadam, beta_1: 0.900000, beta_2: 0.900000, Schedule Decay: 0.004000, Normalized data",97.08200000000001,97.19200000000001,97.27,97.43,45
465,"Activation: LeakyReLU, Optimizer: Nadam, beta_1: 0.900000, beta_2: 0.950000, Schedule Decay: 0.004000, Normalized data",97.05199999999999,97.226,97.17,97.43,47
466,"Activation: ThresholdedReLU, Optimizer: sgd, Momentum: 0.100000, Decay: 0.000000, Nesterov: False, Normalized data",94.86399999999999,94.86399999999999,95.50999999999999,95.56,99
467,"Activation: ThresholdedReLU, Optimizer: sgd, Momentum: 0.900000, Decay: 0.000000, Nesterov: False, Normalized data",94.52999999999999,94.88,95.42,95.78999999999999,50
468,"Activation: ThresholdedReLU, Optimizer: sgd, Momentum: 0.950000, Decay: 0.000000, Nesterov: False, Normalized data",95.162,95.43599999999999,95.65,95.97,67
469,"Activation: ThresholdedReLU, Optimizer: sgd, Momentum: 0.990000, Decay: 0.000000, Nesterov: False, Normalized data",86.274,88.28800000000001,90.91,92.61,7
470,"Activation: ThresholdedReLU, Optimizer: sgd, Momentum: 0.999000, Decay: 0.000000, Nesterov: False, Normalized data",10.656000000000002,22.650000000000002,13.05,25.28,0
471,"Activation: ThresholdedReLU, Optimizer: sgd, Momentum: 0.000000, Decay: 0.000000, Nesterov: True, Normalized data",94.758,94.758,95.17,95.25,99
472,"Activation: ThresholdedReLU, Optimizer: sgd, Momentum: 0.100000, Decay: 0.000000, Nesterov: True, Normalized data",94.59199999999998,94.65400000000001,95.04,95.23,90
473,"Activation: ThresholdedReLU, Optimizer: sgd, Momentum: 0.900000, Decay: 0.000000, Nesterov: True, Normalized data",94.576,94.762,94.82000000000001,95.57,67
474,"Activation: ThresholdedReLU, Optimizer: sgd, Momentum: 0.950000, Decay: 0.000000, Nesterov: True, Normalized data",95.01800000000001,95.16600000000001,95.27,95.69,68
475,"Activation: ThresholdedReLU, Optimizer: sgd, Momentum: 0.990000, Decay: 0.000000, Nesterov: True, Normalized data",84.15199999999999,85.218,91.56,92.67,24
476,"Activation: ThresholdedReLU, Optimizer: sgd, Momentum: 0.999000, Decay: 0.000000, Nesterov: True, Normalized data",10.56,30.403999999999996,12.08,24.83,0
477,"Activation: ThresholdedReLU, Optimizer: rmsp, rho: 0.500000, Decay: 0.000000, Normalized data",91.002,94.72800000000001,92.14,95.30999999999999,7
478,"Activation: ThresholdedReLU, Optimizer: rmsp, rho: 0.990000, Decay: 0.000000, Normalized data",93.46799999999999,95.174,94.85,96.17999999999999,20
479,"Activation: ThresholdedReLU, Optimizer: rmsp, rho: 0.950000, Decay: 0.000000, Normalized data",91.144,95.854,92.15,96.1,7
480,"Activation: ThresholdedReLU, Optimizer: rmsp, rho: 0.999000, Decay: 0.000000, Normalized data",93.97399999999999,94.64,94.89,95.54,12
481,"Activation: ThresholdedReLU, Optimizer: rmsp, rho: 0.999900, Decay: 0.000000, Normalized data",88.138,89.25599999999999,93.12,93.97999999999999,27
482,"Activation: ThresholdedReLU, Optimizer: Adadelta, rho: 0.500000, Decay: 0.000000, Normalized data",95.658,95.734,96.28,96.44,72
483,"Activation: ThresholdedReLU, Optimizer: Adadelta, rho: 0.900000, Decay: 0.000000, Normalized data",95.85000000000001,96.21000000000001,96.09,96.58,45
484,"Activation: ThresholdedReLU, Optimizer: Adadelta, rho: 0.990000, Decay: 0.000000, Normalized data",95.704,96.036,95.97,96.52,40
485,"Activation: ThresholdedReLU, Optimizer: Adadelta, rho: 0.999000, Decay: 0.000000, Normalized data",95.852,96.08000000000001,96.05,96.4,72
486,"Activation: ThresholdedReLU, Optimizer: Adadelta, rho: 0.999900, Decay: 0.000000, Normalized data",94.25000000000001,94.526,94.8,95.43,36
487,"Activation: ThresholdedReLU, Optimizer: adam, amsgrad: 0.000000, beta_1: 0.950000, beta_2: 0.999900, Decay: 0.000000, Normalized data",94.61999999999999,95.184,95.91,96.11,17
488,"Activation: ThresholdedReLU, Optimizer: adam, amsgrad: 0.000000, beta_1: 0.900000, beta_2: 0.999000, Decay: 0.000000, Normalized data",95.34799999999998,95.856,95.73,96.34,16
489,"Activation: ThresholdedReLU, Optimizer: adam, amsgrad: 0.000000, beta_1: 0.950000, beta_2: 0.999000, Decay: 0.000000, Normalized data",94.56200000000001,95.27999999999999,95.57,96.3,22
490,"Activation: ThresholdedReLU, Optimizer: adam, amsgrad: 0.000000, beta_1: 0.900000, beta_2: 0.999900, Decay: 0.000000, Normalized data",94.80000000000001,95.456,95.72,96.28,17
491,"Activation: ThresholdedReLU, Optimizer: adam, amsgrad: 1.000000, beta_1: 0.950000, beta_2: 0.999900, Decay: 0.000000, Normalized data",94.298,94.96400000000001,95.36,95.73,17
492,"Activation: ThresholdedReLU, Optimizer: adam, amsgrad: 1.000000, beta_1: 0.900000, beta_2: 0.999000, Decay: 0.000000, Normalized data",95.222,95.744,96.08,96.53,16
493,"Activation: ThresholdedReLU, Optimizer: adam, amsgrad: 1.000000, beta_1: 0.950000, beta_2: 0.999000, Decay: 0.000000, Normalized data",95.25399999999999,95.724,95.78,96.4,13
494,"Activation: ThresholdedReLU, Optimizer: adam, amsgrad: 1.000000, beta_1: 0.900000, beta_2: 0.999900, Decay: 0.000000, Normalized data",95.34799999999998,95.728,95.59,96.02000000000001,31
495,"Activation: ThresholdedReLU, Optimizer: Adamax, beta_1: 0.990000, beta_2: 0.999900, Decay: 0.000000, Normalized data",95.052,95.41400000000002,96.34,96.39,32
496,"Activation: ThresholdedReLU, Optimizer: Adamax, beta_1: 0.990000, beta_2: 0.999000, Decay: 0.000000, Normalized data",95.04599999999999,95.58,95.25,95.85000000000001,38
497,"Activation: ThresholdedReLU, Optimizer: Adamax, beta_1: 0.950000, beta_2: 0.999000, Decay: 0.000000, Normalized data",95.838,96.136,96.05,96.41999999999999,31
498,"Activation: ThresholdedReLU, Optimizer: Adamax, beta_1: 0.950000, beta_2: 0.990000, Decay: 0.000000, Normalized data",95.292,95.914,95.74000000000001,96.25,29
499,"Activation: ThresholdedReLU, Optimizer: Adamax, beta_1: 0.950000, beta_2: 0.950000, Decay: 0.000000, Normalized data",77.38199999999999,94.32199999999999,80.01,94.87,12
500,"Activation: ThresholdedReLU, Optimizer: Adamax, beta_1: 0.900000, beta_2: 0.900000, Decay: 0.000000, Normalized data",77.762,92.996,83.22,94.21000000000001,5
501,"Activation: ThresholdedReLU, Optimizer: Adamax, beta_1: 0.900000, beta_2: 0.990000, Decay: 0.000000, Normalized data",95.58200000000001,96.10600000000001,96.22,96.86,38
502,"Activation: ThresholdedReLU, Optimizer: Adamax, beta_1: 0.900000, beta_2: 0.950000, Decay: 0.000000, Normalized data",83.37999999999998,95.206,89.46,95.47,12
503,"Activation: ThresholdedReLU, Optimizer: Nadam, beta_1: 0.900000, beta_2: 0.990000, Schedule Decay: 0.004000, Normalized data",91.096,95.216,92.16,95.92,12
504,"Activation: ThresholdedReLU, Optimizer: Nadam, beta_1: 0.950000, beta_2: 0.999000, Schedule Decay: 0.004000, Normalized data",94.78,95.272,95.43,96.02000000000001,16
505,"Activation: ThresholdedReLU, Optimizer: Nadam, beta_1: 0.950000, beta_2: 0.990000, Schedule Decay: 0.004000, Normalized data",91.156,95.236,93.15,95.74000000000001,13
506,"Activation: ThresholdedReLU, Optimizer: Nadam, beta_1: 0.950000, beta_2: 0.950000, Schedule Decay: 0.004000, Normalized data",74.8,94.31200000000001,77.84,94.84,5
507,"Activation: ThresholdedReLU, Optimizer: Nadam, beta_1: 0.950000, beta_2: 0.900000, Schedule Decay: 0.004000, Normalized data",79.71600000000001,93.238,83.63000000000001,94.31,2
508,"Activation: ThresholdedReLU, Optimizer: Nadam, beta_1: 0.900000, beta_2: 0.900000, Schedule Decay: 0.004000, Normalized data",78.36200000000001,93.65200000000002,79.2,94.78999999999999,6
509,"Activation: ThresholdedReLU, Optimizer: Nadam, beta_1: 0.900000, beta_2: 0.950000, Schedule Decay: 0.004000, Normalized data",78.80999999999999,94.656,80.63,95.30999999999999,6
